{"cameraMode":{"drawMode":0,"name":"Shaded","section":"Shading Mode"},"sceneLighting":true,"audioPlay":false,"sceneViewState":{"showFog":true,"showMaterialUpdate":false,"showSkybox":true,"showFlares":true,"showImageEffects":true,"showParticleSystems":true},"in2DMode":false,"pivot":{"x":2.823061227798462,"y":2.9573042392730715,"z":4.918066024780273},"rotation":{"x":-0.15012040734291078,"y":0.2862018644809723,"z":-0.04545513913035393,"w":-0.9452447891235352},"size":4.403332233428955,"orthographic":false}