{"cameraMode":{"drawMode":0,"name":"Shaded","section":"Shading Mode"},"sceneLighting":false,"audioPlay":false,"sceneViewState":{"showFog":true,"showMaterialUpdate":false,"showSkybox":false,"showFlares":true,"showImageEffects":true,"showParticleSystems":true},"in2DMode":false,"pivot":{"x":6.546235084533691,"y":1.3768441677093506,"z":5.940178871154785},"rotation":{"x":-0.1826642006635666,"y":0.4363659918308258,"z":-0.09095922112464905,"w":-0.8763263821601868},"size":1.625169277191162,"orthographic":false}