{"cameraMode":{"drawMode":0,"name":"Shaded","section":"Shading Mode"},"sceneLighting":false,"audioPlay":false,"sceneViewState":{"showFog":true,"showMaterialUpdate":false,"showSkybox":false,"showFlares":true,"showImageEffects":true,"showParticleSystems":true},"in2DMode":false,"pivot":{"x":-9.325594902038575,"y":1.267690658569336,"z":-2.026169776916504},"rotation":{"x":-0.2412988245487213,"y":0.038411032408475879,"z":-0.009558610618114472,"w":-0.9696453809738159},"size":1.302915096282959,"orthographic":false}