{"cameraMode":{"drawMode":0,"name":"Shaded","section":"Shading Mode"},"sceneLighting":false,"audioPlay":false,"sceneViewState":{"showFog":true,"showMaterialUpdate":false,"showSkybox":false,"showFlares":true,"showImageEffects":true,"showParticleSystems":true},"in2DMode":false,"pivot":{"x":-4.621547698974609,"y":0.5592854022979736,"z":2.2630844116210939},"rotation":{"x":0.017943736165761949,"y":0.9692040681838989,"z":-0.23410092294216157,"w":0.07428908348083496},"size":1.867229700088501,"orthographic":false}