{"cameraMode":{"drawMode":0,"name":"Shaded","section":"Shading Mode"},"sceneLighting":false,"audioPlay":false,"sceneViewState":{"showFog":true,"showMaterialUpdate":false,"showSkybox":false,"showFlares":true,"showImageEffects":true,"showParticleSystems":true},"in2DMode":false,"pivot":{"x":2.359999895095825,"y":2.4600000381469728,"z":4.840000152587891},"rotation":{"x":-0.014113783836364746,"y":0.5179257392883301,"z":-0.008548191748559475,"w":-0.8552679419517517},"size":1.8096685409545899,"orthographic":false}