{"cameraMode":{"drawMode":0,"name":"Shaded","section":"Shading Mode"},"sceneLighting":false,"audioPlay":false,"sceneViewState":{"showFog":true,"showMaterialUpdate":false,"showSkybox":false,"showFlares":true,"showImageEffects":true,"showParticleSystems":true},"in2DMode":false,"pivot":{"x":-1.5393989086151124,"y":3.4977927207946779,"z":7.105968475341797},"rotation":{"x":-0.014113783836364746,"y":0.5179257392883301,"z":-0.008548191748559475,"w":-0.8552679419517517},"size":3.33919095993042,"orthographic":false}