{"cameraMode":{"drawMode":0,"name":"Shaded","section":"Shading Mode"},"sceneLighting":false,"audioPlay":false,"sceneViewState":{"showFog":true,"showMaterialUpdate":false,"showSkybox":false,"showFlares":true,"showImageEffects":true,"showParticleSystems":true},"in2DMode":false,"pivot":{"x":4.064092636108398,"y":3.3499999046325685,"z":7.121244430541992},"rotation":{"x":-0.014113783836364746,"y":0.5179257392883301,"z":-0.008548191748559475,"w":-0.8552679419517517},"size":2.8406600952148439,"orthographic":false}