{"cameraMode":{"drawMode":0,"name":"Shaded","section":"Shading Mode"},"sceneLighting":false,"audioPlay":false,"sceneViewState":{"showFog":true,"showMaterialUpdate":false,"showSkybox":false,"showFlares":true,"showImageEffects":true,"showParticleSystems":true},"in2DMode":false,"pivot":{"x":0.7206051349639893,"y":0.6202305555343628,"z":0.4929563105106354},"rotation":{"x":0.12437611818313599,"y":0.73178631067276,"z":-0.13884077966213227,"w":0.6555478572845459},"size":2.3274898529052736,"orthographic":false}