{"cameraMode":{"drawMode":0,"name":"Shaded","section":"Shading Mode"},"sceneLighting":false,"audioPlay":false,"sceneViewState":{"showFog":true,"showMaterialUpdate":false,"showSkybox":false,"showFlares":true,"showImageEffects":true,"showParticleSystems":true},"in2DMode":false,"pivot":{"x":2.176964044570923,"y":1.4113003015518189,"z":0.8108663558959961},"rotation":{"x":0.00017232263053301722,"y":0.7069808840751648,"z":-0.0001269098574994132,"w":0.7072325944900513},"size":1.4503885507583619,"orthographic":true}