{"cameraMode":{"drawMode":0,"name":"Shaded","section":"Shading Mode"},"sceneLighting":true,"audioPlay":false,"sceneViewState":{"showFog":true,"showMaterialUpdate":true,"showSkybox":true,"showFlares":true,"showImageEffects":true,"showParticleSystems":true},"in2DMode":false,"pivot":{"x":9.112672805786133,"y":0.0312962532043457,"z":17.9580135345459},"rotation":{"x":0.07834670692682266,"y":0.43733692169189455,"z":-0.03828111290931702,"w":0.8950605988502502},"size":23.003387451171876,"orthographic":false}