{"cameraMode":{"drawMode":0,"name":"Shaded","section":"Shading Mode"},"sceneLighting":true,"audioPlay":false,"sceneViewState":{"showFog":true,"showMaterialUpdate":true,"showSkybox":true,"showFlares":true,"showImageEffects":true,"showParticleSystems":true},"in2DMode":false,"pivot":{"x":886.1669921875,"y":486.1807556152344,"z":-81.8756103515625},"rotation":{"x":0.11667527258396149,"y":-0.0312795415520668,"z":0.0036764710675925018,"w":0.9926705360412598},"size":506.3141174316406,"orthographic":false}