{"cameraMode":{"drawMode":0,"name":"Shaded","section":"Shading Mode"},"sceneLighting":false,"audioPlay":false,"sceneViewState":{"showFog":true,"showMaterialUpdate":true,"showSkybox":false,"showFlares":true,"showImageEffects":true,"showParticleSystems":true},"in2DMode":false,"pivot":{"x":-3.7250964641571047,"y":1.9457709789276124,"z":0.4363226890563965},"rotation":{"x":0.0002208930382039398,"y":0.9997246861457825,"z":-0.010498326271772385,"w":0.02099912241101265},"size":1.802585482597351,"orthographic":true}