{"cameraMode":{"drawMode":0,"name":"Shaded","section":"Shading Mode"},"sceneLighting":true,"audioPlay":false,"sceneViewState":{"showFog":true,"showMaterialUpdate":true,"showSkybox":true,"showFlares":true,"showImageEffects":true,"showParticleSystems":true},"in2DMode":false,"pivot":{"x":-1.0343146324157715,"y":-1.632333755493164,"z":6.891568183898926},"rotation":{"x":0.41805100440979006,"y":-0.152765691280365,"z":0.07154620438814163,"w":0.8926238417625427},"size":65.38661193847656,"orthographic":false}