{"cameraMode":{"drawMode":0,"name":"Shaded","section":"Shading Mode"},"sceneLighting":true,"audioPlay":false,"sceneViewState":{"showFog":true,"showMaterialUpdate":true,"showSkybox":true,"showFlares":true,"showImageEffects":true,"showParticleSystems":true},"in2DMode":false,"pivot":{"x":-0.3613086938858032,"y":2.7612884044647219,"z":2.2547056674957277},"rotation":{"x":0.16424930095672608,"y":-0.00591852143406868,"z":0.0009855014504864812,"w":0.9864005446434021},"size":4.4543986320495609,"orthographic":false}