{"cameraMode":{"drawMode":0,"name":"Shaded","section":"Shading Mode"},"sceneLighting":true,"audioPlay":false,"sceneViewState":{"showFog":true,"showMaterialUpdate":false,"showSkybox":true,"showFlares":true,"showImageEffects":true,"showParticleSystems":true},"in2DMode":false,"pivot":{"x":2.5989322662353517,"y":-0.7821331024169922,"z":1.1780405044555665},"rotation":{"x":0.2525619566440582,"y":0.5851075053215027,"z":-0.1984548270702362,"w":0.7446345090866089},"size":3.7377846240997316,"orthographic":false}