{"cameraMode":{"drawMode":0,"name":"Shaded","section":"Shading Mode"},"sceneLighting":true,"audioPlay":false,"sceneViewState":{"showFog":true,"showMaterialUpdate":false,"showSkybox":true,"showFlares":true,"showImageEffects":true,"showParticleSystems":true},"in2DMode":false,"pivot":{"x":1.0252046585083008,"y":0.7067813873291016,"z":-0.9105329513549805},"rotation":{"x":0.036933716386556628,"y":0.9576854109764099,"z":-0.1432708203792572,"w":0.24688072502613069},"size":3.873849868774414,"orthographic":false}