{"cameraMode":{"drawMode":0,"name":"Shaded","section":"Shading Mode"},"sceneLighting":true,"audioPlay":false,"sceneViewState":{"showFog":true,"showMaterialUpdate":true,"showSkybox":true,"showFlares":true,"showImageEffects":true,"showParticleSystems":true},"in2DMode":false,"pivot":{"x":-207.68319702148438,"y":193.99557495117188,"z":42.65740966796875},"rotation":{"x":0.11064551770687103,"y":-0.017847009003162385,"z":0.002005977788940072,"w":0.9936983585357666},"size":422.92755126953127,"orthographic":false}