{"cameraMode":{"drawMode":0,"name":"Shaded","section":"Shading Mode"},"sceneLighting":true,"audioPlay":false,"sceneViewState":{"showFog":true,"showMaterialUpdate":true,"showSkybox":true,"showFlares":true,"showImageEffects":true,"showParticleSystems":true},"in2DMode":false,"pivot":{"x":-0.7771853804588318,"y":2.610379695892334,"z":-1.6512576341629029},"rotation":{"x":0.031018894165754319,"y":-0.5612713098526001,"z":0.021057559177279474,"w":0.8267826437950134},"size":2.7192084789276125,"orthographic":false}