{"cameraMode":{"drawMode":0,"name":"Shaded","section":"Shading Mode"},"sceneLighting":true,"audioPlay":false,"sceneViewState":{"showFog":true,"showMaterialUpdate":false,"showSkybox":true,"showFlares":true,"showImageEffects":true,"showParticleSystems":true},"in2DMode":false,"pivot":{"x":1.3722225427627564,"y":1.1279771327972413,"z":-0.35579776763916018},"rotation":{"x":0.07572554796934128,"y":0.8496406078338623,"z":-0.1271074265241623,"w":0.5061821937561035},"size":1.7738502025604249,"orthographic":false}