{"cameraMode":{"drawMode":0,"name":"Shaded","section":"Shading Mode"},"sceneLighting":true,"audioPlay":false,"sceneViewState":{"showFog":true,"showMaterialUpdate":true,"showSkybox":true,"showFlares":true,"showImageEffects":true,"showParticleSystems":true},"in2DMode":false,"pivot":{"x":-1.5170154571533204,"y":2.0873005390167238,"z":6.7664313316345219},"rotation":{"x":0.11064551770687103,"y":-0.017847009003162385,"z":0.002005977788940072,"w":0.9936983585357666},"size":3.46120548248291,"orthographic":false}