{"cameraMode":{"drawMode":0,"name":"Shaded","section":"Shading Mode"},"sceneLighting":true,"audioPlay":false,"sceneViewState":{"showFog":true,"showMaterialUpdate":false,"showSkybox":true,"showFlares":true,"showImageEffects":true,"showParticleSystems":true},"in2DMode":false,"pivot":{"x":3.4997029304504396,"y":-0.20572853088378907,"z":-0.42803382873535159},"rotation":{"x":0.26802781224250796,"y":0.3040207028388977,"z":-0.08956623822450638,"w":0.909787654876709},"size":4.183027744293213,"orthographic":false}