{"cameraMode":{"drawMode":0,"name":"Shaded","section":"Shading Mode"},"sceneLighting":false,"audioPlay":false,"sceneViewState":{"showFog":true,"showMaterialUpdate":true,"showSkybox":false,"showFlares":true,"showImageEffects":true,"showParticleSystems":true},"in2DMode":false,"pivot":{"x":3.4392518997192385,"y":0.9527114033699036,"z":-3.427245616912842},"rotation":{"x":0.03856884315609932,"y":0.9189603328704834,"z":-0.09295524656772614,"w":0.3812936246395111},"size":1.5163995027542115,"orthographic":false}