{"cameraMode":{"drawMode":0,"name":"Shaded","section":"Shading Mode"},"sceneLighting":true,"audioPlay":false,"sceneViewState":{"showFog":true,"showMaterialUpdate":true,"showSkybox":true,"showFlares":true,"showImageEffects":true,"showParticleSystems":true},"in2DMode":false,"pivot":{"x":-8.673603057861329,"y":0.7504928708076477,"z":-2.5498476028442385},"rotation":{"x":-0.005205746274441481,"y":0.9879579544067383,"z":-0.1508314311504364,"w":-0.03409809246659279},"size":8.049229621887207,"orthographic":false}